unlock TABLES;
drop database if exists w42g2_lms;
CREATE DATABASE IF NOT EXISTS `w42g2_lms` /*!40100 DEFAULT CHARACTER SET utf8mb4 COLLATE utf8mb4_0900_ai_ci */ /*!80016 DEFAULT ENCRYPTION='N' */;
USE `w42g2_lms`;
-- MySQL dump 10.13  Distrib 8.0.28, for Win64 (x86_64)
--
-- Host: localhost    Database: w42g2_lms
-- ------------------------------------------------------
-- Server version	8.0.28

/*!40101 SET @OLD_CHARACTER_SET_CLIENT=@@CHARACTER_SET_CLIENT */;
/*!40101 SET @OLD_CHARACTER_SET_RESULTS=@@CHARACTER_SET_RESULTS */;
/*!40101 SET @OLD_COLLATION_CONNECTION=@@COLLATION_CONNECTION */;
/*!50503 SET NAMES utf8 */;
/*!40103 SET @OLD_TIME_ZONE=@@TIME_ZONE */;
/*!40103 SET TIME_ZONE='+00:00' */;
/*!40014 SET @OLD_UNIQUE_CHECKS=@@UNIQUE_CHECKS, UNIQUE_CHECKS=0 */;
/*!40014 SET @OLD_FOREIGN_KEY_CHECKS=@@FOREIGN_KEY_CHECKS, FOREIGN_KEY_CHECKS=0 */;
/*!40101 SET @OLD_SQL_MODE=@@SQL_MODE, SQL_MODE='NO_AUTO_VALUE_ON_ZERO' */;
/*!40111 SET @OLD_SQL_NOTES=@@SQL_NOTES, SQL_NOTES=0 */;

--
-- Table structure for table `auth_group`
--

DROP TABLE IF EXISTS `auth_group`;
/*!40101 SET @saved_cs_client     = @@character_set_client */;
/*!50503 SET character_set_client = utf8mb4 */;
CREATE TABLE `auth_group` (
  `id` int NOT NULL AUTO_INCREMENT,
  `name` varchar(150) NOT NULL,
  PRIMARY KEY (`id`),
  UNIQUE KEY `name` (`name`)
) ENGINE=InnoDB DEFAULT CHARSET=utf8mb4 COLLATE=utf8mb4_0900_ai_ci;
/*!40101 SET character_set_client = @saved_cs_client */;

--
-- Dumping data for table `auth_group`
--

LOCK TABLES `auth_group` WRITE;
/*!40000 ALTER TABLE `auth_group` DISABLE KEYS */;
/*!40000 ALTER TABLE `auth_group` ENABLE KEYS */;
UNLOCK TABLES;

--
-- Table structure for table `auth_group_permissions`
--

DROP TABLE IF EXISTS `auth_group_permissions`;
/*!40101 SET @saved_cs_client     = @@character_set_client */;
/*!50503 SET character_set_client = utf8mb4 */;
CREATE TABLE `auth_group_permissions` (
  `id` bigint NOT NULL AUTO_INCREMENT,
  `group_id` int NOT NULL,
  `permission_id` int NOT NULL,
  PRIMARY KEY (`id`),
  UNIQUE KEY `auth_group_permissions_group_id_permission_id_0cd325b0_uniq` (`group_id`,`permission_id`),
  KEY `auth_group_permissio_permission_id_84c5c92e_fk_auth_perm` (`permission_id`),
  CONSTRAINT `auth_group_permissio_permission_id_84c5c92e_fk_auth_perm` FOREIGN KEY (`permission_id`) REFERENCES `auth_permission` (`id`),
  CONSTRAINT `auth_group_permissions_group_id_b120cbf9_fk_auth_group_id` FOREIGN KEY (`group_id`) REFERENCES `auth_group` (`id`)
) ENGINE=InnoDB DEFAULT CHARSET=utf8mb4 COLLATE=utf8mb4_0900_ai_ci;
/*!40101 SET character_set_client = @saved_cs_client */;

--
-- Dumping data for table `auth_group_permissions`
--

LOCK TABLES `auth_group_permissions` WRITE;
/*!40000 ALTER TABLE `auth_group_permissions` DISABLE KEYS */;
/*!40000 ALTER TABLE `auth_group_permissions` ENABLE KEYS */;
UNLOCK TABLES;

--
-- Table structure for table `auth_permission`
--

DROP TABLE IF EXISTS `auth_permission`;
/*!40101 SET @saved_cs_client     = @@character_set_client */;
/*!50503 SET character_set_client = utf8mb4 */;
CREATE TABLE `auth_permission` (
  `id` int NOT NULL AUTO_INCREMENT,
  `name` varchar(255) NOT NULL,
  `content_type_id` int NOT NULL,
  `codename` varchar(100) NOT NULL,
  PRIMARY KEY (`id`),
  UNIQUE KEY `auth_permission_content_type_id_codename_01ab375a_uniq` (`content_type_id`,`codename`),
  CONSTRAINT `auth_permission_content_type_id_2f476e4b_fk_django_co` FOREIGN KEY (`content_type_id`) REFERENCES `django_content_type` (`id`)
) ENGINE=InnoDB AUTO_INCREMENT=73 DEFAULT CHARSET=utf8mb4 COLLATE=utf8mb4_0900_ai_ci;
/*!40101 SET character_set_client = @saved_cs_client */;

--
-- Dumping data for table `auth_permission`
--

LOCK TABLES `auth_permission` WRITE;
/*!40000 ALTER TABLE `auth_permission` DISABLE KEYS */;
INSERT INTO `auth_permission` VALUES (1,'Can add log entry',1,'add_logentry'),(2,'Can change log entry',1,'change_logentry'),(3,'Can delete log entry',1,'delete_logentry'),(4,'Can view log entry',1,'view_logentry'),(5,'Can add permission',2,'add_permission'),(6,'Can change permission',2,'change_permission'),(7,'Can delete permission',2,'delete_permission'),(8,'Can view permission',2,'view_permission'),(9,'Can add group',3,'add_group'),(10,'Can change group',3,'change_group'),(11,'Can delete group',3,'delete_group'),(12,'Can view group',3,'view_group'),(13,'Can add content type',4,'add_contenttype'),(14,'Can change content type',4,'change_contenttype'),(15,'Can delete content type',4,'delete_contenttype'),(16,'Can view content type',4,'view_contenttype'),(17,'Can add session',5,'add_session'),(18,'Can change session',5,'change_session'),(19,'Can delete session',5,'delete_session'),(20,'Can view session',5,'view_session'),(21,'Can add blacklisted token',6,'add_blacklistedtoken'),(22,'Can change blacklisted token',6,'change_blacklistedtoken'),(23,'Can delete blacklisted token',6,'delete_blacklistedtoken'),(24,'Can view blacklisted token',6,'view_blacklistedtoken'),(25,'Can add outstanding token',7,'add_outstandingtoken'),(26,'Can change outstanding token',7,'change_outstandingtoken'),(27,'Can delete outstanding token',7,'delete_outstandingtoken'),(28,'Can view outstanding token',7,'view_outstandingtoken'),(29,'Can add announcement',8,'add_announcement'),(30,'Can change announcement',8,'change_announcement'),(31,'Can delete announcement',8,'delete_announcement'),(32,'Can view announcement',8,'view_announcement'),(33,'Can add batch',9,'add_batch'),(34,'Can change batch',9,'change_batch'),(35,'Can delete batch',9,'delete_batch'),(36,'Can view batch',9,'view_batch'),(37,'Can add notification',10,'add_notification'),(38,'Can change notification',10,'change_notification'),(39,'Can delete notification',10,'delete_notification'),(40,'Can view notification',10,'view_notification'),(41,'Can add time table',11,'add_timetable'),(42,'Can change time table',11,'change_timetable'),(43,'Can delete time table',11,'delete_timetable'),(44,'Can view time table',11,'view_timetable'),(45,'Can add user',12,'add_user'),(46,'Can change user',12,'change_user'),(47,'Can delete user',12,'delete_user'),(48,'Can view user',12,'view_user'),(49,'Can add teacher',13,'add_teacher'),(50,'Can change teacher',13,'change_teacher'),(51,'Can delete teacher',13,'delete_teacher'),(52,'Can view teacher',13,'view_teacher'),(53,'Can add student',14,'add_student'),(54,'Can change student',14,'change_student'),(55,'Can delete student',14,'delete_student'),(56,'Can view student',14,'view_student'),(57,'Can add course',15,'add_course'),(58,'Can change course',15,'change_course'),(59,'Can delete course',15,'delete_course'),(60,'Can view course',15,'view_course'),(61,'Can add course post',16,'add_coursepost'),(62,'Can change course post',16,'change_coursepost'),(63,'Can delete course post',16,'delete_coursepost'),(64,'Can view course post',16,'view_coursepost'),(65,'Can add comment',17,'add_comment'),(66,'Can change comment',17,'change_comment'),(67,'Can delete comment',17,'delete_comment'),(68,'Can view comment',17,'view_comment'),(69,'Can add post',18,'add_post'),(70,'Can change post',18,'change_post'),(71,'Can delete post',18,'delete_post'),(72,'Can view post',18,'view_post');
/*!40000 ALTER TABLE `auth_permission` ENABLE KEYS */;
UNLOCK TABLES;

--
-- Table structure for table `base_announcement`
--

DROP TABLE IF EXISTS `base_announcement`;
/*!40101 SET @saved_cs_client     = @@character_set_client */;
/*!50503 SET character_set_client = utf8mb4 */;
CREATE TABLE `base_announcement` (
  `id` bigint NOT NULL AUTO_INCREMENT,
  `title` varchar(100) NOT NULL,
  `text` longtext NOT NULL,
  `date_posted` date NOT NULL,
  PRIMARY KEY (`id`)
) ENGINE=InnoDB DEFAULT CHARSET=utf8mb4 COLLATE=utf8mb4_0900_ai_ci;
/*!40101 SET character_set_client = @saved_cs_client */;

--
-- Dumping data for table `base_announcement`
--

LOCK TABLES `base_announcement` WRITE;
/*!40000 ALTER TABLE `base_announcement` DISABLE KEYS */;
INSERT INTO `base_announcement` VALUES (1,'Thông báo toàn trường','\"Hôm này nghỉ nhé các bé\"','2022-12-07'),(2,'Thông báo toàn khoa','Họp tổng FIT UET','2022-12-07');

UNLOCK TABLES;

--
-- Table structure for table `base_batch`
--

DROP TABLE IF EXISTS `base_batch`;
/*!40101 SET @saved_cs_client     = @@character_set_client */;
/*!50503 SET character_set_client = utf8mb4 */;
CREATE TABLE `base_batch` (
  `id` bigint NOT NULL AUTO_INCREMENT,
  `name` varchar(10) NOT NULL,
  PRIMARY KEY (`id`)
) ENGINE=InnoDB AUTO_INCREMENT=2 DEFAULT CHARSET=utf8mb4 COLLATE=utf8mb4_0900_ai_ci;
/*!40101 SET character_set_client = @saved_cs_client */;

--
-- Dumping data for table `base_batch`
--

LOCK TABLES `base_batch` WRITE;
/*!40000 ALTER TABLE `base_batch` DISABLE KEYS */;
INSERT INTO `base_batch` VALUES (1,'N-CLC');
/*!40000 ALTER TABLE `base_batch` ENABLE KEYS */;
UNLOCK TABLES;

--
-- Table structure for table `base_notification`
--

DROP TABLE IF EXISTS `base_notification`;
/*!40101 SET @saved_cs_client     = @@character_set_client */;
/*!50503 SET character_set_client = utf8mb4 */;
CREATE TABLE `base_notification` (
  `id` bigint NOT NULL AUTO_INCREMENT,
  `title` varchar(100) NOT NULL,
  `text` longtext NOT NULL,
  `isSeen` tinyint(1) NOT NULL,
  `date_posted` datetime(6) NOT NULL,
  `course_id` varchar(15) NOT NULL,
  PRIMARY KEY (`id`),
  KEY `base_notification_course_id_cdf5aaba_fk_courses_course_code` (`course_id`),
  CONSTRAINT `base_notification_course_id_cdf5aaba_fk_courses_course_code` FOREIGN KEY (`course_id`) REFERENCES `courses_course` (`code`)
) ENGINE=InnoDB DEFAULT CHARSET=utf8mb4 COLLATE=utf8mb4_0900_ai_ci;
/*!40101 SET character_set_client = @saved_cs_client */;

--
-- Dumping data for table `base_notification`
--

LOCK TABLES `base_notification` WRITE;
/*!40000 ALTER TABLE `base_notification` DISABLE KEYS */;
/*!40000 ALTER TABLE `base_notification` ENABLE KEYS */;
UNLOCK TABLES;

--
-- Table structure for table `base_notification_batch`
--

DROP TABLE IF EXISTS `base_notification_batch`;
/*!40101 SET @saved_cs_client     = @@character_set_client */;
/*!50503 SET character_set_client = utf8mb4 */;
CREATE TABLE `base_notification_batch` (
  `id` bigint NOT NULL AUTO_INCREMENT,
  `notification_id` bigint NOT NULL,
  `batch_id` bigint NOT NULL,
  PRIMARY KEY (`id`),
  UNIQUE KEY `base_notification_batch_notification_id_batch_id_e379a3cc_uniq` (`notification_id`,`batch_id`),
  KEY `base_notification_batch_batch_id_5f2681df_fk_base_batch_id` (`batch_id`),
  CONSTRAINT `base_notification_ba_notification_id_cb48eb44_fk_base_noti` FOREIGN KEY (`notification_id`) REFERENCES `base_notification` (`id`),
  CONSTRAINT `base_notification_batch_batch_id_5f2681df_fk_base_batch_id` FOREIGN KEY (`batch_id`) REFERENCES `base_batch` (`id`)
) ENGINE=InnoDB DEFAULT CHARSET=utf8mb4 COLLATE=utf8mb4_0900_ai_ci;
/*!40101 SET character_set_client = @saved_cs_client */;

--
-- Dumping data for table `base_notification_batch`
--

LOCK TABLES `base_notification_batch` WRITE;
/*!40000 ALTER TABLE `base_notification_batch` DISABLE KEYS */;
/*!40000 ALTER TABLE `base_notification_batch` ENABLE KEYS */;
UNLOCK TABLES;

--
-- Table structure for table `base_timetable`
--

DROP TABLE IF EXISTS `base_timetable`;
/*!40101 SET @saved_cs_client     = @@character_set_client */;
/*!50503 SET character_set_client = utf8mb4 */;
CREATE TABLE `base_timetable` (
  `id` bigint NOT NULL AUTO_INCREMENT,
  `class_type` varchar(7) NOT NULL,
  `day` smallint unsigned NOT NULL,
  `start_time` time(6) NOT NULL,
  `end_time` time(6) NOT NULL,
  `course_id` varchar(15) NOT NULL,
  `teacher_id` bigint DEFAULT NULL,
  PRIMARY KEY (`id`),
  KEY `base_timetable_course_id_6c98a006_fk_courses_course_code` (`course_id`),
  KEY `base_timetable_teacher_id_a5a1bcfa_fk_users_teacher_user_id` (`teacher_id`),
  CONSTRAINT `base_timetable_course_id_6c98a006_fk_courses_course_code` FOREIGN KEY (`course_id`) REFERENCES `courses_course` (`code`),
  CONSTRAINT `base_timetable_teacher_id_a5a1bcfa_fk_users_teacher_user_id` FOREIGN KEY (`teacher_id`) REFERENCES `users_teacher` (`user_id`),
  CONSTRAINT `base_timetable_chk_1` CHECK ((`day` >= 0))
) ENGINE=InnoDB DEFAULT CHARSET=utf8mb4 COLLATE=utf8mb4_0900_ai_ci;
/*!40101 SET character_set_client = @saved_cs_client */;

--
-- Dumping data for table `base_timetable`
--

LOCK TABLES `base_timetable` WRITE;
/*!40000 ALTER TABLE `base_timetable` DISABLE KEYS */;
/*!40000 ALTER TABLE `base_timetable` ENABLE KEYS */;
UNLOCK TABLES;

--
-- Table structure for table `base_timetable_batch`
--

DROP TABLE IF EXISTS `base_timetable_batch`;
/*!40101 SET @saved_cs_client     = @@character_set_client */;
/*!50503 SET character_set_client = utf8mb4 */;
CREATE TABLE `base_timetable_batch` (
  `id` bigint NOT NULL AUTO_INCREMENT,
  `timetable_id` bigint NOT NULL,
  `batch_id` bigint NOT NULL,
  PRIMARY KEY (`id`),
  UNIQUE KEY `base_timetable_batch_timetable_id_batch_id_aa4ee98a_uniq` (`timetable_id`,`batch_id`),
  KEY `base_timetable_batch_batch_id_53293980_fk_base_batch_id` (`batch_id`),
  CONSTRAINT `base_timetable_batch_batch_id_53293980_fk_base_batch_id` FOREIGN KEY (`batch_id`) REFERENCES `base_batch` (`id`),
  CONSTRAINT `base_timetable_batch_timetable_id_83273c9c_fk_base_timetable_id` FOREIGN KEY (`timetable_id`) REFERENCES `base_timetable` (`id`)
) ENGINE=InnoDB DEFAULT CHARSET=utf8mb4 COLLATE=utf8mb4_0900_ai_ci;
/*!40101 SET character_set_client = @saved_cs_client */;

--
-- Dumping data for table `base_timetable_batch`
--

LOCK TABLES `base_timetable_batch` WRITE;
/*!40000 ALTER TABLE `base_timetable_batch` DISABLE KEYS */;
/*!40000 ALTER TABLE `base_timetable_batch` ENABLE KEYS */;
UNLOCK TABLES;

--
-- Table structure for table `courses_course`
--

DROP TABLE IF EXISTS `courses_course`;
/*!40101 SET @saved_cs_client     = @@character_set_client */;
/*!50503 SET character_set_client = utf8mb4 */;
CREATE TABLE `courses_course` (
  `name` varchar(100) NOT NULL,
  `code` varchar(15) NOT NULL,
  PRIMARY KEY (`code`)
) ENGINE=InnoDB DEFAULT CHARSET=utf8mb4 COLLATE=utf8mb4_0900_ai_ci;
/*!40101 SET character_set_client = @saved_cs_client */;

--
-- Dumping data for table `courses_course`
--

LOCK TABLES `courses_course` WRITE;
/*!40000 ALTER TABLE `courses_course` DISABLE KEYS */;
INSERT INTO `courses_course` (name, code) VALUES ("An ninh di động", "INT3324_20"),("An toàn và an ninh mạng", "INT3307E_20"),("Bài tập phát triển chung", "PES1070_3_(CLC)"),("Bài tập phát triển chung", "PES1070_4_(CLC)"),("Bóng bàn", "PES1030_2_(CLC)"),("Bóng chuyền 1", "PES1015_2_(CLC)"),("Bóng chuyền 1", "PES1015_3_(CLC)"),("Bóng chuyền hơi", "PES1017_11_(CLC)"),("Bóng chuyền hơi", "PES1017_7_(CLC)"),("Bóng đá", "PES1025_4_(CLC)"),("Bóng đá", "PES1025_3_(CLC)"),("Các nguyên lý truyền thông", "ELT3243_20"),("Các thiết bị mạng và môi trường truyền", "INT3318E_20"),("Các vấn đề hiện đại của Truyền thông và Mạng máy tính", "INT3313E_20"),("Cầu lông", "PES1035__2_(CLC)"),("Công nghệ Blockchain", "INT3231E_20"),("Công nghệ phần mềm", "INT2208E_23"),("Điện toán đám mây", "INT3319_20"),("Điện tử số", "ELT2041E_20"),("Golf", "PES1080_1_(CLC)"),("Hệ quản trị cơ sở dữ liệu", "INT3202E_20"),("Kiến trúc phần mềm", "INT3105_20"),("Kinh tế vi mô", "INE1050_20"),("Kỹ năng khởi nghiệp", "UET1002_23"),("Kỹ năng khởi nghiệp", "UET1002_21"),("Lập trình mạng", "INT3304_20"),("Lập trình nâng cao", "INT2215_20"),("Lịch sử Đảng Cộng sản Việt Nam", "HIS1001_20"),("Lý thuyết thông tin", "INT2044E_20"),("Mạng máy tính", "INT2213_22"),("Nguyên lý marketing", "BSA2002_20"),("Pháp luật và đạo đức nghề nghiệp trong CNTT", "INT3514_21"),("Phương pháp tính", "INT3102_22"),("Phương pháp tính", "INT3102_20"),("Teakwondo 1", "PES1050_8_(CLC)"),("Thực hành hệ điều hành mạng", "INT3301_20"),("Tín hiệu và hệ thống", "ELT2035_23"),("Tối ưu hóa", "INT_3103_20"),("Trí tuệ nhân tạo", "INT3401E_21"),("Truyền thông đa phương tiện", "INT3305_20"),("Vật lý đại cương 2", "EPN1096_24");
UNLOCK TABLES;UNLOCK TABLES;UNLOCK TABLES;UNLOCK TABLES;UNLOCK TABLES;UNLOCK TABLES;UNLOCK TABLES;UNLOCK TABLES;UNLOCK TABLES;UNLOCK TABLES;UNLOCK TABLES;
--
-- Table structure for table `courses_course_student`
--

DROP TABLE IF EXISTS `courses_course_student`;
/*!40101 SET @saved_cs_client     = @@character_set_client */;
/*!50503 SET character_set_client = utf8mb4 */;
CREATE TABLE `courses_course_student` (
  `id` bigint NOT NULL AUTO_INCREMENT,
  `course_id` varchar(15) NOT NULL,
  `student_id` bigint NOT NULL,
  PRIMARY KEY (`id`),
  UNIQUE KEY `courses_course_student_course_id_student_id_00813440_uniq` (`course_id`,`student_id`),
  KEY `courses_course_stude_student_id_408ccb9e_fk_users_stu` (`student_id`),
  CONSTRAINT `courses_course_stude_student_id_408ccb9e_fk_users_stu` FOREIGN KEY (`student_id`) REFERENCES `users_student` (`user_id`),
  CONSTRAINT `courses_course_student_course_id_90344f0b_fk_courses_course_code` FOREIGN KEY (`course_id`) REFERENCES `courses_course` (`code`)
) ENGINE=InnoDB AUTO_INCREMENT=854 DEFAULT CHARSET=utf8mb4 COLLATE=utf8mb4_0900_ai_ci;
/*!40101 SET character_set_client = @saved_cs_client */;

--
-- Dumping data for table `courses_course_student`
--

LOCK TABLES `courses_course_student` WRITE;
/*!40000 ALTER TABLE `courses_course_student` DISABLE KEYS */;
INSERT INTO `courses_course_student` (student_id, course_id) VALUES (10, "INT3324_20"),(11, "INT3324_20"),(18, "INT3324_20"),(19, "INT3324_20"),(20, "INT3324_20"),(21, "INT3324_20"),(23, "INT3324_20"),(25, "INT3324_20"),(26, "INT3324_20"),(29, "INT3324_20"),(32, "INT3324_20"),(33, "INT3324_20"),(34, "INT3324_20"),(35, "INT3324_20"),(36, "INT3324_20"),(37, "INT3324_20"),(38, "INT3324_20"),(41, "INT3324_20"),(42, "INT3324_20"),(43, "INT3324_20"),(45, "INT3324_20"),(46, "INT3324_20"),(48, "INT3324_20"),(50, "INT3324_20"),(51, "INT3324_20"),(53, "INT3324_20"),(55, "INT3324_20"),(56, "INT3324_20"),(58, "INT3324_20"),(59, "INT3324_20"),(60, "INT3324_20"),(64, "INT3324_20"),(17, "INT3307E_20"),(65, "INT3307E_20"),(66, "INT3307E_20"),(21, "PES1070_3_(CLC)"),(26, "PES1070_3_(CLC)"),(47, "PES1070_4_(CLC)"),(60, "PES1070_3_(CLC)"),(64, "PES1070_4_(CLC)"),(9, "PES1030_2_(CLC)"),(11, "PES1030_2_(CLC)"),(12, "PES1030_2_(CLC)"),(14, "PES1030_2_(CLC)"),(15, "PES1030_2_(CLC)"),(16, "PES1030_2_(CLC)"),(19, "PES1030_2_(CLC)"),(22, "PES1030_2_(CLC)"),(23, "PES1030_2_(CLC)"),(25, "PES1030_2_(CLC)"),(30, "PES1030_2_(CLC)"),(31, "PES1030_2_(CLC)"),(32, "PES1030_2_(CLC)"),(34, "PES1030_2_(CLC)"),(38, "PES1030_2_(CLC)"),(39, "PES1030_2_(CLC)"),(40, "PES1030_2_(CLC)"),(41, "PES1030_2_(CLC)"),(42, "PES1030_2_(CLC)"),(44, "PES1030_2_(CLC)"),(48, "PES1030_2_(CLC)"),(54, "PES1030_2_(CLC)"),(55, "PES1030_2_(CLC)"),(56, "PES1030_2_(CLC)"),(57, "PES1030_2_(CLC)"),(58, "PES1030_2_(CLC)"),(59, "PES1030_2_(CLC)"),(61, "PES1030_2_(CLC)"),(28, "PES1015_2_(CLC)"),(33, "PES1015_3_(CLC)"),(49, "PES1015_3_(CLC)"),(17, "PES1017_7_(CLC)"),(62, "PES1017_7_(CLC)"),(35, "PES1025_4_(CLC)"),(63, "PES1025_3_(CLC)"),(9, "ELT3243_20"),(10, "ELT3243_20"),(11, "ELT3243_20"),(12, "ELT3243_20"),(13, "ELT3243_20"),(14, "ELT3243_20"),(15, "ELT3243_20"),(16, "ELT3243_20"),(17, "ELT3243_20"),(18, "ELT3243_20"),(19, "ELT3243_20"),(20, "ELT3243_20"),(21, "ELT3243_20"),(22, "ELT3243_20"),(23, "ELT3243_20"),(24, "ELT3243_20"),(25, "ELT3243_20"),(26, "ELT3243_20"),(27, "ELT3243_20"),(28, "ELT3243_20"),(29, "ELT3243_20"),(30, "ELT3243_20"),(31, "ELT3243_20"),(32, "ELT3243_20"),(33, "ELT3243_20"),(34, "ELT3243_20"),(35, "ELT3243_20"),(36, "ELT3243_20"),(37, "ELT3243_20"),(38, "ELT3243_20"),(39, "ELT3243_20"),(40, "ELT3243_20"),(41, "ELT3243_20"),(42, "ELT3243_20"),(43, "ELT3243_20"),(44, "ELT3243_20"),(45, "ELT3243_20"),(46, "ELT3243_20"),(47, "ELT3243_20"),(48, "ELT3243_20"),(49, "ELT3243_20"),(50, "ELT3243_20"),(51, "ELT3243_20"),(52, "ELT3243_20"),(53, "ELT3243_20"),(54, "ELT3243_20"),(55, "ELT3243_20"),(56, "ELT3243_20"),(57, "ELT3243_20"),(58, "ELT3243_20"),(59, "ELT3243_20"),(60, "ELT3243_20"),(61, "ELT3243_20"),(62, "ELT3243_20"),(63, "ELT3243_20"),(64, "ELT3243_20"),(65, "ELT3243_20"),(66, "ELT3243_20"),(12, "INT3318E_20"),(14, "INT3318E_20"),(15, "INT3318E_20"),(16, "INT3318E_20"),(18, "INT3318E_20"),(19, "INT3318E_20"),(20, "INT3318E_20"),(24, "INT3318E_20"),(37, "INT3318E_20"),(42, "INT3318E_20"),(44, "INT3318E_20"),(47, "INT3318E_20"),(53, "INT3318E_20"),(9, "INT3313E_20"),(10, "INT3313E_20"),(11, "INT3313E_20"),(12, "INT3313E_20"),(13, "INT3313E_20"),(15, "INT3313E_20"),(16, "INT3313E_20"),(17, "INT3313E_20"),(18, "INT3313E_20"),(19, "INT3313E_20"),(20, "INT3313E_20"),(21, "INT3313E_20"),(22, "INT3313E_20"),(23, "INT3313E_20"),(24, "INT3313E_20"),(25, "INT3313E_20"),(26, "INT3313E_20"),(27, "INT3313E_20"),(29, "INT3313E_20"),(30, "INT3313E_20"),(31, "INT3313E_20"),(32, "INT3313E_20"),(33, "INT3313E_20"),(34, "INT3313E_20"),(35, "INT3313E_20"),(36, "INT3313E_20"),(37, "INT3313E_20"),(38, "INT3313E_20"),(39, "INT3313E_20"),(40, "INT3313E_20"),(42, "INT3313E_20"),(43, "INT3313E_20"),(44, "INT3313E_20"),(45, "INT3313E_20"),(46, "INT3313E_20"),(47, "INT3313E_20"),(48, "INT3313E_20"),(50, "INT3313E_20"),(51, "INT3313E_20"),(52, "INT3313E_20"),(53, "INT3313E_20"),(54, "INT3313E_20"),(55, "INT3313E_20"),(56, "INT3313E_20"),(57, "INT3313E_20"),(58, "INT3313E_20"),(59, "INT3313E_20"),(60, "INT3313E_20"),(61, "INT3313E_20"),(62, "INT3313E_20"),(63, "INT3313E_20"),(64, "INT3313E_20"),(65, "INT3313E_20"),(66, "INT3313E_20"),(10, "PES1035__2_(CLC)"),(29, "PES1035__2_(CLC)"),(36, "PES1035__2_(CLC)"),(40, "INT3231E_20"),(41, "INT3231E_20"),(9, "INT2208E_23"),(10, "INT2208E_23"),(12, "INT2208E_23"),(14, "INT2208E_23"),(17, "INT2208E_23"),(19, "INT2208E_23"),(20, "INT2208E_23"),(21, "INT2208E_23"),(22, "INT2208E_23"),(24, "INT2208E_23"),(26, "INT2208E_23"),(27, "INT2208E_23"),(28, "INT2208E_23"),(29, "INT2208E_23"),(30, "INT2208E_23"),(31, "INT2208E_23"),(33, "INT2208E_23"),(37, "INT2208E_23"),(38, "INT2208E_23"),(39, "INT2208E_23"),(40, "INT2208E_23"),(43, "INT2208E_23"),(44, "INT2208E_23"),(45, "INT2208E_23"),(47, "INT2208E_23"),(49, "INT2208E_23"),(50, "INT2208E_23"),(52, "INT2208E_23"),(53, "INT2208E_23"),(54, "INT2208E_23"),(56, "INT2208E_23"),(58, "INT2208E_23"),(59, "INT2208E_23"),(60, "INT2208E_23"),(61, "INT2208E_23"),(64, "INT2208E_23"),(65, "INT2208E_23"),(66, "INT2208E_23"),(9, "INT3319_20"),(10, "INT3319_20"),(11, "INT3319_20"),(12, "INT3319_20"),(13, "INT3319_20"),(14, "INT3319_20"),(15, "INT3319_20"),(16, "INT3319_20"),(18, "INT3319_20"),(19, "INT3319_20"),(20, "INT3319_20"),(22, "INT3319_20"),(23, "INT3319_20"),(24, "INT3319_20"),(25, "INT3319_20"),(26, "INT3319_20"),(27, "INT3319_20"),(28, "INT3319_20"),(29, "INT3319_20"),(30, "INT3319_20"),(32, "INT3319_20"),(33, "INT3319_20"),(34, "INT3319_20"),(35, "INT3319_20"),(36, "INT3319_20"),(38, "INT3319_20"),(39, "INT3319_20"),(41, "INT3319_20"),(42, "INT3319_20"),(43, "INT3319_20"),(44, "INT3319_20"),(45, "INT3319_20"),(46, "INT3319_20"),(47, "INT3319_20"),(48, "INT3319_20"),(50, "INT3319_20"),(53, "INT3319_20"),(54, "INT3319_20"),(55, "INT3319_20"),(57, "INT3319_20"),(58, "INT3319_20"),(59, "INT3319_20"),(60, "INT3319_20"),(61, "INT3319_20"),(62, "INT3319_20"),(63, "INT3319_20"),(64, "INT3319_20"),(21, "ELT2041E_20"),(13, "PES1080_1_(CLC)"),(43, "PES1080_1_(CLC)"),(66, "PES1080_1_(CLC)"),(16, "INT3202E_20"),(19, "INT3202E_20"),(22, "INT3202E_20"),(36, "INT3202E_20"),(51, "INT3202E_20"),(41, "INT3105_20"),(49, "INT3105_20"),(10, "INE1050_20"),(20, "INE1050_20"),(29, "INE1050_20"),(43, "INE1050_20"),(29, "UET1002_23"),(40, "UET1002_21"),(59, "UET1002_21"),(62, "UET1002_21"),(9, "INT3304_20"),(10, "INT3304_20"),(13, "INT3304_20"),(14, "INT3304_20"),(15, "INT3304_20"),(18, "INT3304_20"),(22, "INT3304_20"),(23, "INT3304_20"),(25, "INT3304_20"),(26, "INT3304_20"),(27, "INT3304_20"),(28, "INT3304_20"),(29, "INT3304_20"),(30, "INT3304_20"),(31, "INT3304_20"),(32, "INT3304_20"),(33, "INT3304_20"),(34, "INT3304_20"),(35, "INT3304_20"),(36, "INT3304_20"),(38, "INT3304_20"),(39, "INT3304_20"),(41, "INT3304_20"),(44, "INT3304_20"),(45, "INT3304_20"),(46, "INT3304_20"),(47, "INT3304_20"),(48, "INT3304_20"),(50, "INT3304_20"),(51, "INT3304_20"),(52, "INT3304_20"),(54, "INT3304_20"),(55, "INT3304_20"),(56, "INT3304_20"),(57, "INT3304_20"),(58, "INT3304_20"),(59, "INT3304_20"),(60, "INT3304_20"),(61, "INT3304_20"),(63, "INT3304_20"),(14, "INT2215_20"),(37, "HIS1001_20"),(41, "HIS1001_20"),(52, "HIS1001_20"),(56, "HIS1001_20"),(59, "HIS1001_20"),(60, "HIS1001_20"),(65, "HIS1001_20"),(17, "INT2044E_20"),(66, "INT2044E_20"),(14, "INT2213_22"),(12, "BSA2002_20"),(32, "BSA2002_20"),(45, "BSA2002_20"),(9, "INT3514_21"),(21, "INT3102_22"),(44, "INT3102_20"),(49, "INT3102_20"),(18, "PES1050_8_(CLC)"),(20, "PES1050_8_(CLC)"),(24, "PES1050_8_(CLC)"),(37, "PES1050_8_(CLC)"),(45, "PES1050_8_(CLC)"),(46, "PES1050_8_(CLC)"),(51, "PES1050_8_(CLC)"),(11, "INT3301_20"),(20, "INT3301_20"),(40, "INT3301_20"),(42, "INT3301_20"),(43, "INT3301_20"),(62, "INT3301_20"),(64, "INT3301_20"),(52, "ELT2035_23"),(9, "INT_3103_20"),(10, "INT_3103_20"),(11, "INT_3103_20"),(13, "INT_3103_20"),(15, "INT_3103_20"),(16, "INT_3103_20"),(18, "INT_3103_20"),(21, "INT_3103_20"),(23, "INT_3103_20"),(24, "INT_3103_20"),(25, "INT_3103_20"),(27, "INT_3103_20"),(29, "INT_3103_20"),(31, "INT_3103_20"),(32, "INT_3103_20"),(34, "INT_3103_20"),(39, "INT_3103_20"),(45, "INT_3103_20"),(48, "INT_3103_20"),(50, "INT_3103_20"),(53, "INT_3103_20"),(54, "INT_3103_20"),(55, "INT_3103_20"),(56, "INT_3103_20"),(57, "INT_3103_20"),(58, "INT_3103_20"),(60, "INT_3103_20"),(61, "INT_3103_20"),(62, "INT_3103_20"),(63, "INT_3103_20"),(64, "INT_3103_20"),(13, "INT3401E_21"),(30, "INT3401E_21"),(39, "INT3401E_21"),(40, "INT3401E_21"),(62, "INT3401E_21"),(63, "INT3401E_21"),(17, "INT3305_20"),(21, "INT3305_20"),(28, "INT3305_20"),(33, "INT3305_20"),(35, "INT3305_20"),(41, "INT3305_20"),(17, "EPN1096_24");
UNLOCK TABLES;UNLOCK TABLES;UNLOCK TABLES;UNLOCK TABLES;UNLOCK TABLES;UNLOCK TABLES;UNLOCK TABLES;UNLOCK TABLES;UNLOCK TABLES;unlock tables;

-- 
-- Table structure for table `courses_coursepost`
--

DROP TABLE IF EXISTS `courses_coursepost`;
/*!40101 SET @saved_cs_client     = @@character_set_client */;
/*!50503 SET character_set_client = utf8mb4 */;
CREATE TABLE `courses_coursepost` (
  `id` bigint NOT NULL AUTO_INCREMENT,
  `post_time` datetime(6) NOT NULL,
  `title` varchar(100) NOT NULL,
  `detail` longtext NOT NULL,
  `media_url` varchar(100) DEFAULT NULL,
  `courses_id` varchar(15) NOT NULL,
  PRIMARY KEY (`id`),
  KEY `courses_coursepost_courses_id_e18fb2e2_fk_courses_course_code` (`courses_id`),
  CONSTRAINT `courses_coursepost_courses_id_e18fb2e2_fk_courses_course_code` FOREIGN KEY (`courses_id`) REFERENCES `courses_course` (`code`)
) ENGINE=InnoDB DEFAULT CHARSET=utf8mb4 COLLATE=utf8mb4_0900_ai_ci;
/*!40101 SET character_set_client = @saved_cs_client */;

--
-- Dumping data for table `courses_coursepost`
--

LOCK TABLES `courses_coursepost` WRITE;
/*!40000 ALTER TABLE `courses_coursepost` DISABLE KEYS */;
INSERT INTO `courses_coursepost` VALUES (1,'2022-12-08 16:09:26.000000','Test courses post','abcdefgh','media/6.4.1_Packet_Tracer_-_Implement_Etherchannel.pka','INT3324_20'),(2,'2022-12-09 16:17:13.000000','Bài thực hành trên lab 404','Ngày hôm nay thầy có việc bận nên các em lên phòng lab 404 đê thực hành','media/6.2.4_Packet_Tracer_-_Configure_EtherChannel.pka','INT3324 20'),(3,'2022-12-06 16:23:56.000000','6.4.1 Packet Tracer - Implement Etherchannel','Hôm nay lớp sẽ làm bài thực hành 6.4.1 trên phòng máy','media/CCNAv7_SRWE_Skills_Assessment.pka','INT3324_20'),(4,'2022-12-07 16:36:53.000000','Test','test','media/Automobile_data.csv','INT3313E_20');
/*!40000 ALTER TABLE `courses_coursepost` ENABLE KEYS */;
UNLOCK TABLES;

--
-- Table structure for table `django_admin_log`
--

DROP TABLE IF EXISTS `django_admin_log`;
/*!40101 SET @saved_cs_client     = @@character_set_client */;
/*!50503 SET character_set_client = utf8mb4 */;
CREATE TABLE `django_admin_log` (
  `id` int NOT NULL AUTO_INCREMENT,
  `action_time` datetime(6) NOT NULL,
  `object_id` longtext,
  `object_repr` varchar(200) NOT NULL,
  `action_flag` smallint unsigned NOT NULL,
  `change_message` longtext NOT NULL,
  `content_type_id` int DEFAULT NULL,
  `user_id` bigint NOT NULL,
  PRIMARY KEY (`id`),
  KEY `django_admin_log_content_type_id_c4bce8eb_fk_django_co` (`content_type_id`),
  KEY `django_admin_log_user_id_c564eba6_fk_users_user_id` (`user_id`),
  CONSTRAINT `django_admin_log_content_type_id_c4bce8eb_fk_django_co` FOREIGN KEY (`content_type_id`) REFERENCES `django_content_type` (`id`),
  CONSTRAINT `django_admin_log_user_id_c564eba6_fk_users_user_id` FOREIGN KEY (`user_id`) REFERENCES `users_user` (`id`),
  CONSTRAINT `django_admin_log_chk_1` CHECK ((`action_flag` >= 0))
) ENGINE=InnoDB AUTO_INCREMENT=7 DEFAULT CHARSET=utf8mb4 COLLATE=utf8mb4_0900_ai_ci;
/*!40101 SET character_set_client = @saved_cs_client */;

--
-- Dumping data for table `django_admin_log`
--

LOCK TABLES `django_admin_log` WRITE;
/*!40000 ALTER TABLE `django_admin_log` DISABLE KEYS */;
INSERT INTO `django_admin_log` VALUES (1,'2022-12-06 00:56:15.796044','2','2002',1,'[{\"added\": {}}]',12,1),(2,'2022-12-06 00:56:21.095291','1','ncc',1,'[{\"added\": {}}]',9,1),(3,'2022-12-06 00:56:23.800246','2','abc',1,'[{\"added\": {}}]',14,1),(4,'2022-12-06 00:58:04.923209','3','1232',1,'[{\"added\": {}}]',12,1),(5,'2022-12-06 00:58:13.678762','3','12323',1,'[{\"added\": {}}]',14,1),(6,'2022-12-06 00:58:51.539550','123124124','123124124',1,'[{\"added\": {}}]',15,1);
/*!40000 ALTER TABLE `django_admin_log` ENABLE KEYS */;
UNLOCK TABLES;

--
-- Table structure for table `django_content_type`
--

DROP TABLE IF EXISTS `django_content_type`;
/*!40101 SET @saved_cs_client     = @@character_set_client */;
/*!50503 SET character_set_client = utf8mb4 */;
CREATE TABLE `django_content_type` (
  `id` int NOT NULL AUTO_INCREMENT,
  `app_label` varchar(100) NOT NULL,
  `model` varchar(100) NOT NULL,
  PRIMARY KEY (`id`),
  UNIQUE KEY `django_content_type_app_label_model_76bd3d3b_uniq` (`app_label`,`model`)
) ENGINE=InnoDB AUTO_INCREMENT=19 DEFAULT CHARSET=utf8mb4 COLLATE=utf8mb4_0900_ai_ci;
/*!40101 SET character_set_client = @saved_cs_client */;

--
-- Dumping data for table `django_content_type`
--

LOCK TABLES `django_content_type` WRITE;
/*!40000 ALTER TABLE `django_content_type` DISABLE KEYS */;
INSERT INTO `django_content_type` VALUES (1,'admin','logentry'),(3,'auth','group'),(2,'auth','permission'),(8,'base','announcement'),(9,'base','batch'),(10,'base','notification'),(11,'base','timetable'),(4,'contenttypes','contenttype'),(15,'courses','course'),(16,'courses','coursepost'),(17,'forum','comment'),(18,'forum','post'),(5,'sessions','session'),(6,'token_blacklist','blacklistedtoken'),(7,'token_blacklist','outstandingtoken'),(14,'users','student'),(13,'users','teacher'),(12,'users','user');
/*!40000 ALTER TABLE `django_content_type` ENABLE KEYS */;
UNLOCK TABLES;

--
-- Table structure for table `django_migrations`
--

DROP TABLE IF EXISTS `django_migrations`;
/*!40101 SET @saved_cs_client     = @@character_set_client */;
/*!50503 SET character_set_client = utf8mb4 */;
CREATE TABLE `django_migrations` (
  `id` bigint NOT NULL AUTO_INCREMENT,
  `app` varchar(255) NOT NULL,
  `name` varchar(255) NOT NULL,
  `applied` datetime(6) NOT NULL,
  PRIMARY KEY (`id`)
) ENGINE=InnoDB AUTO_INCREMENT=38 DEFAULT CHARSET=utf8mb4 COLLATE=utf8mb4_0900_ai_ci;
/*!40101 SET character_set_client = @saved_cs_client */;

--
-- Dumping data for table `django_migrations`
--

LOCK TABLES `django_migrations` WRITE;
/*!40000 ALTER TABLE `django_migrations` DISABLE KEYS */;
INSERT INTO `django_migrations` VALUES (1,'courses','0001_initial','2022-12-06 00:54:51.267769'),(2,'base','0001_initial','2022-12-06 00:54:51.420242'),(3,'base','0002_initial','2022-12-06 00:54:51.480243'),(4,'contenttypes','0001_initial','2022-12-06 00:54:51.516741'),(5,'contenttypes','0002_remove_content_type_name','2022-12-06 00:54:51.583740'),(6,'auth','0001_initial','2022-12-06 00:54:51.771869'),(7,'auth','0002_alter_permission_name_max_length','2022-12-06 00:54:51.814541'),(8,'auth','0003_alter_user_email_max_length','2022-12-06 00:54:51.821044'),(9,'auth','0004_alter_user_username_opts','2022-12-06 00:54:51.828042'),(10,'auth','0005_alter_user_last_login_null','2022-12-06 00:54:51.834546'),(11,'auth','0006_require_contenttypes_0002','2022-12-06 00:54:51.837544'),(12,'auth','0007_alter_validators_add_error_messages','2022-12-06 00:54:51.844542'),(13,'auth','0008_alter_user_username_max_length','2022-12-06 00:54:51.851044'),(14,'auth','0009_alter_user_last_name_max_length','2022-12-06 00:54:51.858045'),(15,'auth','0010_alter_group_name_max_length','2022-12-06 00:54:51.873042'),(16,'auth','0011_update_proxy_permissions','2022-12-06 00:54:51.884042'),(17,'auth','0012_alter_user_first_name_max_length','2022-12-06 00:54:51.892543'),(18,'users','0001_initial','2022-12-06 00:54:52.241021'),(19,'admin','0001_initial','2022-12-06 00:54:52.354149'),(20,'admin','0002_logentry_remove_auto_add','2022-12-06 00:54:52.365652'),(21,'admin','0003_logentry_add_action_flag_choices','2022-12-06 00:54:52.378649'),(22,'base','0003_initial','2022-12-06 00:54:52.604996'),(23,'courses','0002_initial','2022-12-06 00:54:52.702668'),(24,'forum','0001_initial','2022-12-06 00:54:52.734768'),(25,'forum','0002_initial','2022-12-06 00:54:52.914756'),(26,'sessions','0001_initial','2022-12-06 00:54:52.944255'),(27,'token_blacklist','0001_initial','2022-12-06 00:54:53.082759'),(28,'token_blacklist','0002_outstandingtoken_jti_hex','2022-12-06 00:54:53.108870'),(29,'token_blacklist','0003_auto_20171017_2007','2022-12-06 00:54:53.127767'),(30,'token_blacklist','0004_auto_20171017_2013','2022-12-06 00:54:53.179567'),(31,'token_blacklist','0005_remove_outstandingtoken_jti','2022-12-06 00:54:53.224280'),(32,'token_blacklist','0006_auto_20171017_2113','2022-12-06 00:54:53.247007'),(33,'token_blacklist','0007_auto_20171017_2214','2022-12-06 00:54:53.409437'),(34,'token_blacklist','0008_migrate_to_bigautofield','2022-12-06 00:54:53.619259'),(35,'token_blacklist','0010_fix_migrate_to_bigautofield','2022-12-06 00:54:53.638122'),(36,'token_blacklist','0011_linearizes_history','2022-12-06 00:54:53.641996'),(37,'token_blacklist','0012_alter_outstandingtoken_user','2022-12-06 00:54:53.657496');
/*!40000 ALTER TABLE `django_migrations` ENABLE KEYS */;
UNLOCK TABLES;

--
-- Table structure for table `django_session`
--

DROP TABLE IF EXISTS `django_session`;
/*!40101 SET @saved_cs_client     = @@character_set_client */;
/*!50503 SET character_set_client = utf8mb4 */;
CREATE TABLE `django_session` (
  `session_key` varchar(40) NOT NULL,
  `session_data` longtext NOT NULL,
  `expire_date` datetime(6) NOT NULL,
  PRIMARY KEY (`session_key`),
  KEY `django_session_expire_date_a5c62663` (`expire_date`)
) ENGINE=InnoDB DEFAULT CHARSET=utf8mb4 COLLATE=utf8mb4_0900_ai_ci;
/*!40101 SET character_set_client = @saved_cs_client */;

--
-- Dumping data for table `django_session`
--

LOCK TABLES `django_session` WRITE;
/*!40000 ALTER TABLE `django_session` DISABLE KEYS */;
INSERT INTO `django_session` VALUES ('5jm8c2q6kyf8xbr7egj712g7lj4wswho','.eJxVzM0OwiAQBOB34WxI-VHAo_c-A9llt1I1kJT2ZHx3S9KDXme-mbeIsK05bo2XOJO4CiVOvxlCenLpBT2g3KtMtazLjLITebRNjpX4dTvs30GGlvc1a_IWHQXrkvIK-TwFg8nYgRkD6KCNSTtwCMPEylP3Jnml1QUYUXy-8ck4Ww:1p2MFL:gaWfhwvMLTKyZ6nSK8fqXSPWyUyb3azOfyG4VJoeHJE','2022-12-20 00:55:43.550781'),('zhuo8fr2r8rsdsbf1it1odpj57ru6mp0','.eJxVzM0OwiAQBOB34WxI-VHAo_c-A9llt1I1kJT2ZHx3S9KDXme-mbeIsK05bo2XOJO4CiVOvxlCenLpBT2g3KtMtazLjLITebRNjpX4dTvs30GGlvc1a_IWHQXrkvIK-TwFg8nYgRkD6KCNSTtwCMPEylP3Jnml1QUYUXy-8ck4Ww:1p2NHV:Y80_gQOxH4maTShjh6T3Ikr5w9QSZ5OzxqjLHZEWEE4','2022-12-20 02:02:01.503644');
/*!40000 ALTER TABLE `django_session` ENABLE KEYS */;
UNLOCK TABLES;

--
-- Table structure for table `forum_comment`
--

DROP TABLE IF EXISTS `forum_comment`;
/*!40101 SET @saved_cs_client     = @@character_set_client */;
/*!50503 SET character_set_client = utf8mb4 */;
CREATE TABLE `forum_comment` (
  `id` bigint NOT NULL AUTO_INCREMENT,
  `text` longtext NOT NULL,
  `date_posted` datetime(6) NOT NULL,
  `post_id` bigint NOT NULL,
  `user_id` bigint NOT NULL,
  PRIMARY KEY (`id`),
  KEY `forum_comment_post_id_eb329692_fk_forum_post_id` (`post_id`),
  KEY `forum_comment_user_id_ee1c4b93_fk_users_user_id` (`user_id`),
  CONSTRAINT `forum_comment_post_id_eb329692_fk_forum_post_id` FOREIGN KEY (`post_id`) REFERENCES `forum_post` (`id`),
  CONSTRAINT `forum_comment_user_id_ee1c4b93_fk_users_user_id` FOREIGN KEY (`user_id`) REFERENCES `users_user` (`id`)
) ENGINE=InnoDB DEFAULT CHARSET=utf8mb4 COLLATE=utf8mb4_0900_ai_ci;
/*!40101 SET character_set_client = @saved_cs_client */;

--
-- Dumping data for table `forum_comment`
--

LOCK TABLES `forum_comment` WRITE;
/*!40000 ALTER TABLE `forum_comment` DISABLE KEYS */;
/*!40000 ALTER TABLE `forum_comment` ENABLE KEYS */;
UNLOCK TABLES;

--
-- Table structure for table `forum_post`
--

DROP TABLE IF EXISTS `forum_post`;
/*!40101 SET @saved_cs_client     = @@character_set_client */;
/*!50503 SET character_set_client = utf8mb4 */;
CREATE TABLE `forum_post` (
  `id` bigint NOT NULL AUTO_INCREMENT,
  `title` varchar(200) NOT NULL,
  `text` longtext NOT NULL,
  `likes` int unsigned NOT NULL,
  `date_posted` datetime(6) NOT NULL,
  `user_id` bigint NOT NULL,
  PRIMARY KEY (`id`),
  KEY `forum_post_user_id_9caccb96_fk_users_user_id` (`user_id`),
  CONSTRAINT `forum_post_user_id_9caccb96_fk_users_user_id` FOREIGN KEY (`user_id`) REFERENCES `users_user` (`id`),
  CONSTRAINT `forum_post_chk_1` CHECK ((`likes` >= 0))
) ENGINE=InnoDB DEFAULT CHARSET=utf8mb4 COLLATE=utf8mb4_0900_ai_ci;
/*!40101 SET character_set_client = @saved_cs_client */;

--
-- Dumping data for table `forum_post`
--

LOCK TABLES `forum_post` WRITE;
/*!40000 ALTER TABLE `forum_post` DISABLE KEYS */;
INSERT INTO `forum_post` VALUES (1,'TestPost','TestPost',0,'2022-12-07 11:52:17.797628',11),(2,'TestPost2','TestPost2',0,'2022-12-07 11:54:02.527288',2),(3,'Câu hỏi về diễn đàn','Diễn đàn này được sử dụng cho các sinh viên trên toàn khoá ?',0,'2022-12-07 16:13:59.610555',2);
/*!40000 ALTER TABLE `forum_post` ENABLE KEYS */;
UNLOCK TABLES;

--
-- Table structure for table `token_blacklist_blacklistedtoken`
--

DROP TABLE IF EXISTS `token_blacklist_blacklistedtoken`;
/*!40101 SET @saved_cs_client     = @@character_set_client */;
/*!50503 SET character_set_client = utf8mb4 */;
CREATE TABLE `token_blacklist_blacklistedtoken` (
  `id` bigint NOT NULL AUTO_INCREMENT,
  `blacklisted_at` datetime(6) NOT NULL,
  `token_id` bigint NOT NULL,
  PRIMARY KEY (`id`),
  UNIQUE KEY `token_id` (`token_id`),
  CONSTRAINT `token_blacklist_blacklistedtoken_token_id_3cc7fe56_fk` FOREIGN KEY (`token_id`) REFERENCES `token_blacklist_outstandingtoken` (`id`)
) ENGINE=InnoDB DEFAULT CHARSET=utf8mb4 COLLATE=utf8mb4_0900_ai_ci;
/*!40101 SET character_set_client = @saved_cs_client */;

--
-- Dumping data for table `token_blacklist_blacklistedtoken`
--

LOCK TABLES `token_blacklist_blacklistedtoken` WRITE;
/*!40000 ALTER TABLE `token_blacklist_blacklistedtoken` DISABLE KEYS */;
/*!40000 ALTER TABLE `token_blacklist_blacklistedtoken` ENABLE KEYS */;
UNLOCK TABLES;

--
-- Table structure for table `token_blacklist_outstandingtoken`
--

DROP TABLE IF EXISTS `token_blacklist_outstandingtoken`;
/*!40101 SET @saved_cs_client     = @@character_set_client */;
/*!50503 SET character_set_client = utf8mb4 */;
CREATE TABLE `token_blacklist_outstandingtoken` (
  `id` bigint NOT NULL AUTO_INCREMENT,
  `token` longtext NOT NULL,
  `created_at` datetime(6) DEFAULT NULL,
  `expires_at` datetime(6) NOT NULL,
  `user_id` bigint DEFAULT NULL,
  `jti` varchar(255) NOT NULL,
  PRIMARY KEY (`id`),
  UNIQUE KEY `token_blacklist_outstandingtoken_jti_hex_d9bdf6f7_uniq` (`jti`),
  KEY `token_blacklist_outs_user_id_83bc629a_fk_users_use` (`user_id`),
  CONSTRAINT `token_blacklist_outs_user_id_83bc629a_fk_users_use` FOREIGN KEY (`user_id`) REFERENCES `users_user` (`id`)
) ENGINE=InnoDB AUTO_INCREMENT=2 DEFAULT CHARSET=utf8mb4 COLLATE=utf8mb4_0900_ai_ci;
/*!40101 SET character_set_client = @saved_cs_client */;

--
-- Dumping data for table `token_blacklist_outstandingtoken`
--

LOCK TABLES `token_blacklist_outstandingtoken` WRITE;
/*!40000 ALTER TABLE `token_blacklist_outstandingtoken` DISABLE KEYS */;
INSERT INTO `token_blacklist_outstandingtoken` VALUES (1,'eyJ0eXAiOiJKV1QiLCJhbGciOiJIUzI1NiJ9.eyJ0b2tlbl90eXBlIjoicmVmcmVzaCIsImV4cCI6MTY4MTMxMjI2MywiaWF0IjoxNjc4NzIwMjYzLCJqdGkiOiJhMmE2YzMyZDZjNGU0NDJhOWU0OGJkYTZlZDVjNTRkMSIsInVzZXJfaWQiOjU5fQ.ZLA8XN95__4nkyQYY_aJVyBFnC08vo5EvhhD6pkQrOg','2023-03-13 15:11:03.313250','2023-04-12 15:11:03.000000',59,'a2a6c32d6c4e442a9e48bda6ed5c54d1');
/*!40000 ALTER TABLE `token_blacklist_outstandingtoken` ENABLE KEYS */;
UNLOCK TABLES;

--
-- Table structure for table `users_student`
--

DROP TABLE IF EXISTS `users_student`;
/*!40101 SET @saved_cs_client     = @@character_set_client */;
/*!50503 SET character_set_client = utf8mb4 */;
CREATE TABLE `users_student` (
  `user_id` bigint NOT NULL,
  `batch_id` bigint DEFAULT NULL,
  PRIMARY KEY (`user_id`),
  KEY `users_student_batch_id_e8543593_fk_base_batch_id` (`batch_id`),
  CONSTRAINT `users_student_batch_id_e8543593_fk_base_batch_id` FOREIGN KEY (`batch_id`) REFERENCES `base_batch` (`id`),
  CONSTRAINT `users_student_user_id_dc59cd64_fk_users_user_id` FOREIGN KEY (`user_id`) REFERENCES `users_user` (`id`)
) ENGINE=InnoDB DEFAULT CHARSET=utf8mb4 COLLATE=utf8mb4_0900_ai_ci;
/*!40101 SET character_set_client = @saved_cs_client */;

--
-- Dumping data for table `users_student`
--

LOCK TABLES `users_student` WRITE;
/*!40000 ALTER TABLE `users_student` DISABLE KEYS */;
INSERT INTO `users_student` VALUES (2,1),(3,1),(9,1),(10,1),(11,1),(12,1),(13,1),(14,1),(15,1),(16,1),(17,1),(18,1),(19,1),(20,1),(21,1),(22,1),(23,1),(24,1),(25,1),(26,1),(27,1),(28,1),(29,1),(30,1),(31,1),(32,1),(33,1),(34,1),(35,1),(36,1),(37,1),(38,1),(39,1),(40,1),(41,1),(42,1),(43,1),(44,1),(45,1),(46,1),(47,1),(48,1),(49,1),(50,1),(51,1),(52,1),(53,1),(54,1),(55,1),(56,1),(57,1),(58,1),(59,1),(60,1),(61,1),(62,1),(63,1),(64,1),(65,1),(66,1);
/*!40000 ALTER TABLE `users_student` ENABLE KEYS */;
UNLOCK TABLES;

--
-- Table structure for table `users_teacher`
--

DROP TABLE IF EXISTS `users_teacher`;
/*!40101 SET @saved_cs_client     = @@character_set_client */;
/*!50503 SET character_set_client = utf8mb4 */;
CREATE TABLE `users_teacher` (
  `user_id` bigint NOT NULL,
  PRIMARY KEY (`user_id`),
  CONSTRAINT `users_teacher_user_id_bc9e1389_fk_users_user_id` FOREIGN KEY (`user_id`) REFERENCES `users_user` (`id`)
) ENGINE=InnoDB DEFAULT CHARSET=utf8mb4 COLLATE=utf8mb4_0900_ai_ci;
/*!40101 SET character_set_client = @saved_cs_client */;

--
-- Dumping data for table `users_teacher`
--

LOCK TABLES `users_teacher` WRITE;
/*!40000 ALTER TABLE `users_teacher` DISABLE KEYS */;
/*!40000 ALTER TABLE `users_teacher` ENABLE KEYS */;
UNLOCK TABLES;

--
-- Table structure for table `users_user`
--

DROP TABLE IF EXISTS `users_user`;
/*!40101 SET @saved_cs_client     = @@character_set_client */;
/*!50503 SET character_set_client = utf8mb4 */;
CREATE TABLE `users_user` (
  `id` bigint NOT NULL AUTO_INCREMENT,
  `password` varchar(128) NOT NULL,
  `last_login` datetime(6) DEFAULT NULL,
  `is_superuser` tinyint(1) NOT NULL,
  `email` varchar(254) NOT NULL,
  `is_staff` tinyint(1) NOT NULL,
  `is_active` tinyint(1) NOT NULL,
  `date_joined` datetime(6) NOT NULL,
  `enrollment_number` varchar(9) NOT NULL,
  `first_name` varchar(50) NOT NULL,
  `last_name` varchar(50) NOT NULL,
  `user_type` varchar(1) NOT NULL,
  PRIMARY KEY (`id`),
  UNIQUE KEY `enrollment_number` (`enrollment_number`)
) ENGINE=InnoDB AUTO_INCREMENT=67 DEFAULT CHARSET=utf8mb4 COLLATE=utf8mb4_0900_ai_ci;
/*!40101 SET character_set_client = @saved_cs_client */;

--
-- Dumping data for table `users_user`
--

LOCK TABLES `users_user` WRITE;
/*!40000 ALTER TABLE `users_user` DISABLE KEYS */;
INSERT INTO `users_user` VALUES (1,'pbkdf2_sha256$320000$DOcolqujgenliCqvsPSvQW$mHb+nfKeKbTnPEtXtEJAt4NBLNTqcTEZ48Ykt9jkp1M=','2022-12-06 02:02:01.501145',1,'',1,1,'2022-12-06 00:55:33.636528','admin','admin','','A'),(2,'pbkdf2_sha256$320000$Wo4Ry34JhOcMUxLNmS0BZV$t7xRCaof4vYxqoRfuzEcZAZ7A0n12+jMs0XIq1x7HQ0=',NULL,0,'',0,1,'2022-12-06 00:56:15.619072','2002','abc','abc','S'),(3,'pbkdf2_sha256$320000$Wdt3jkzrkGdZ69aw7cSiBU$g7gdEnZdqKkmjTmgvTLST17Z5R3ZHBMvn3J1fcldsFA=',NULL,0,'',0,1,'2022-12-06 00:58:04.739714','1232','12323','12321','S'),(9,'pbkdf2_sha256$320000$NgMi8NS4JdMpgnkoEFxs03$0jXQ03CAcE2RpV7EYc0xpMF9thYN5mam/yg/cg/7H0w=',NULL,0,'',0,1,'2022-12-05 13:05:50.516611','20021280','An','Nguyễn Thành','S'),(10,'pbkdf2_sha256$320000$AsANFXqBav1ny4KObfFHPc$tUZDMQoELaHZXD8lc9ql9J1GsQiPHEYL4UXylF2vYws=',NULL,0,'',0,1,'2022-12-05 13:07:11.721693','20020180','Anh','Đỗ Huy','S'),(11,'pbkdf2_sha256$320000$QXobol1nskwnwTTvdyGbgN$P/dmUZOOBzE4biugZBqQM56/mxYVEvxKw6GfM8+qpko=',NULL,0,'',0,1,'2022-12-05 13:07:38.361848','20021289','Anh','Mai Hoàng','S'),(12,'pbkdf2_sha256$320000$JdYOmEzxzVCN4pb4mRIzYW$29q16uSlE+ib1ww3JRvzW9STxD81OGfxBZnBwcA1q34=',NULL,0,'',0,1,'2022-12-05 13:08:06.444648','20021293','Anh','Phạm Tuấn','S'),(13,'pbkdf2_sha256$320000$pcwlRYgW0WA2zULQ4LPtrV$fAMrs0eEpm9oMH7R2SLo3C8s1zaR8L2HtoUi2mVyqj0=',NULL,0,'',0,1,'2022-12-05 13:08:25.494960','20021297','Tuấn Anh','Trần','S'),(14,'pbkdf2_sha256$320000$YYpsTaeeSOAZ6HhpUuxD0s$Q3QpwpW4YVqqHp0sT0aiSEp64SBcap8X3D3Bmq/dDh0=',NULL,0,'',0,1,'2022-12-05 13:10:37.794939','20021306','Đức Chính','Nguyễn','S'),(15,'pbkdf2_sha256$320000$RDMc0ZeIWVoMNls0kIh10v$qYkrEkHWYsUMvWWDljWLwhq56S6osfeAruXycLbM9D0=',NULL,0,'',0,1,'2022-12-05 13:11:07.523769','20020181','Đức Dũng','Nguyễn','S'),(16,'pbkdf2_sha256$320000$iaiVPJfnbrJIP26FrkL9Z2$UGZVD2s3OTWC91R6KZjeITZ6svCXy+CuhdrtvFLU/Ic=',NULL,0,'',0,1,'2022-12-05 13:11:28.726571','20021317','Vĩnh Dũng','Nguyễn','S'),(17,'pbkdf2_sha256$320000$yEqeQE4VBNQQi46xcbbugM$yxZjsuCrFHOPmLe+IbX0tlGY1NAQxZk60Q1/TBlMRyk=',NULL,0,'',0,1,'2022-12-05 13:11:45.785108','20020007','Thái Dương','Nguyễn','S'),(18,'pbkdf2_sha256$320000$cbsFhMZjy5Vs2TMEn6R0w7$g1OZWEMPWtXdm3XkRxGmmrEznoMxhcmtzifonGh+AGQ=',NULL,0,'',0,1,'2022-12-05 13:12:02.576674','20021323','Minh Dương','Trần','S'),(19,'pbkdf2_sha256$320000$OMlVDO7Omv1CdjSdwMBaPJ$OyKPP4+xRZH6FrRDwwRqnj+ysRnCgSTpavZx0yXot9k=',NULL,0,'',0,1,'2022-12-05 13:12:20.513446','20021331','Văn Độ','Trương','S'),(20,'pbkdf2_sha256$320000$xdFAQDc8kcQvzlHDdeaGVY$/VKiDHsM6yTK90zyvId4TXDrjS6pH3gbs24PvvFdac0=',NULL,0,'',0,1,'2022-12-05 13:12:37.810432','20021334','Văn Đức','Đào','S'),(21,'pbkdf2_sha256$320000$G3gDncOA1dV8oJnHpug7s3$Fz6Zpdtu7TdAVJsTUdGNfyRp2OTm47OiOd6FzxNdODk=',NULL,0,'',0,1,'2022-12-05 13:13:06.802835','20021336','Anh Đức','Nguyễn','S'),(22,'pbkdf2_sha256$320000$Znh3VvZHrgoTUt9Nw2qC9D$mwvs0CIh0kCv8xRnB28ji0waqsbVNq7jHJuXeVYLTaU=',NULL,0,'',0,1,'2022-12-05 13:13:23.192309','20021340','Thu Giang','Hoàng','S'),(23,'pbkdf2_sha256$320000$TbtReJxkBLrds7rnye4ZBN$+AkKcAf3dbGx1QYPjigXDWj2m25CJ8qX0HbFPw4alMQ=',NULL,0,'',0,1,'2022-12-05 13:13:43.403867','20021342','Ngọc Hải','Nguyễn','S'),(24,'pbkdf2_sha256$320000$WxKpBuyP3ZapYtPIEJiteI$nWdjYuZ+7uVEgmCBN562pDnV1KyJFIMIK8v01BEq4og=',NULL,0,'',0,1,'2022-12-05 13:14:09.016116','20021348','Xuân Hiệp','Đỗ','S'),(25,'pbkdf2_sha256$320000$wmepoUb5r2VU5aKEosLYVT$WTCiiwb+M0BRFxU93N16LNYvTn/qvbl7YIQHCwGRLZQ=',NULL,0,'',0,1,'2022-12-05 13:14:31.507345','20021349','Ngọc Hiệp','Nguyễn','S'),(26,'pbkdf2_sha256$320000$sKu36Lx6mkuVD258l2GRXt$qJnxEslPRzQBofSuMybfPpQFmwHkRX6VW02X+x8rTIw=',NULL,0,'',0,1,'2022-12-05 13:14:58.174300','20021350','Tuấn Hiệp','Nguyễn','S'),(27,'pbkdf2_sha256$320000$lKPXjzfghMv01LTq2ozZ6V$ZmVDWRiqvTjv2gFYXtxMbwq8UbeCBvBTAVvf2sgpN60=',NULL,0,'',0,1,'2022-12-05 13:15:10.679146','20021354','Trung Hiếu','Lê','S'),(28,'pbkdf2_sha256$320000$RehMPAhqjnhCDsQLofG8Xf$PgjcluOlN4X7oS8QT3P5gY5KL1SyL3YOu6kDjYxG3Nw=',NULL,0,'',0,1,'2022-12-05 13:15:31.809503','20021355','Trọng Hiếu','Ngô Trần','S'),(29,'pbkdf2_sha256$320000$JHbGhnHiVeao5KIOvUaY4a$PbRIMzgMTZarwiEGmkKQFw0PfD/HvQTh9y1MX7s9cpk=',NULL,0,'',0,1,'2022-12-05 13:15:48.618111','20021359','Huy Hoàng','Bùi','S'),(30,'pbkdf2_sha256$320000$fsA0ryMdEV7djAUuIUqzcN$96vBePGF3/B89AM8GEN77ZwOGCU/mSB2MwrrnCq1m6o=',NULL,0,'',0,1,'2022-12-05 13:16:07.186689','20021361','Đình Hoàng','Nguyễn','S'),(31,'pbkdf2_sha256$320000$vVJDXKi8wkqghO02uzUXGz$7ccVVVrN9WXfe8HUIBVSxTuOq5Jg2TSIeIaiAyT/5W8=',NULL,0,'',0,1,'2022-12-05 13:16:29.896309','20021364','Mạnh Hùng','Cấn','S'),(32,'pbkdf2_sha256$320000$rTCG0JcOLu2ymxtEPEMl9U$rKB5hw23+84+C69PLNsttTKh2Rac8pFavtYYElNcA14=',NULL,0,'',0,1,'2022-12-05 13:16:46.062917','20020322','Mạnh Hùng','Đỗ Lê','S'),(33,'pbkdf2_sha256$320000$9GNMpviumxGBwXReth9yUg$nAcSfHTgiyoyhWl3pAkKXt2FDrK50jgBFULwOuH0V/s=',NULL,0,'',0,1,'2022-12-05 13:16:59.160845','20021365','Quang Huy','Đỗ','S'),(34,'pbkdf2_sha256$320000$ASucCs1arMGhOB714AsRkB$tqMKEjyJqhToiDj+y2zhdwzwNZqquuzjMK0IDQhqy28=',NULL,0,'',0,1,'2022-12-05 13:17:25.321932','20020323','Thanh Huyền','Hồ','S'),(35,'pbkdf2_sha256$320000$syRKCyBC0nGAlaRvnh6Q8v$3FKO1ChRQPiPCgcB6Ocg7+djJB6Cgfi0/uvNEDJw+1w=',NULL,0,'',0,1,'2022-12-05 13:17:40.153463','20021371','Duy Hưng','Trần','S'),(36,'pbkdf2_sha256$320000$eQZVGlArQhyrJZTT24lvWg$d7RqigB5lIqqPUb8RjTqVra+3Sh+2Flb9ULs+x0h2Ys=',NULL,0,'',0,1,'2022-12-05 13:17:58.206418','20021375','Văn Khánh','Nguyễn','S'),(37,'pbkdf2_sha256$320000$m6NAmG2G5EInyc8xHIFubI$XWfMCHRn10I03MawpRkOAx1xuOnJoyE4O6JeIeLCCr0=',NULL,0,'',0,1,'2022-12-05 13:18:10.405175','20021376','Công Khoa','Nguyễn','S'),(38,'pbkdf2_sha256$320000$k2c04jWIp7gSxcctcxhXFO$GUV356aDzoigfWXPuOQGo7aczPdGZcN3NpNQ6/82BbM=',NULL,0,'',0,1,'2022-12-05 13:18:25.691118','20020182','Trung Kiên','Đào','S'),(39,'pbkdf2_sha256$320000$B2x7BpdC23NOc4z6XfhL1k$HuvjywzvODxaRnmTvWwqtkV4MGL0zgtoNKPZxkWvZqk=',NULL,0,'',0,1,'2022-12-05 13:18:39.061962','20021378','Trung Kiên','Lương','S'),(40,'pbkdf2_sha256$320000$LFHQUlw2xVQ3kedWU3mF2t$wQJaKmPhunlu6pK5wpL9WYQeMwkidxdgZCcqS/m47GU=',NULL,0,'',0,1,'2022-12-05 13:18:52.693992','20021379','Duy Kiên','Nguyễn','S'),(41,'pbkdf2_sha256$320000$G0oeo3cyTX2cwZqo1WBMrQ$RnDjZ/o1Cy7Cjo5agV7NuIdwiITVFm4zcoNwpbbCrqs=',NULL,0,'',0,1,'2022-12-05 13:19:05.751275','20021383','Việt Linh','Đặng','S'),(42,'pbkdf2_sha256$320000$Qi7J3mJdMcvLAFJrJyG9zE$0g6t47Vy+X0ugA2D45yvjVgRRByWxoA4ivQOvjNKu/Y=',NULL,0,'',0,1,'2022-12-05 13:19:23.680498','20020324','Khánh Linh','Phạm Thị','S'),(43,'pbkdf2_sha256$320000$FXdhW7lY4JLIIMCP4RzkUr$YBO9y1cyc2z2VcddSpTkGVC5OieBE1hg93pG3z14aBI=',NULL,0,'',0,1,'2022-12-05 13:19:38.562764','20021387','Phúc Long','Nguyễn','S'),(44,'pbkdf2_sha256$320000$LgKkVRMy8XwAXCs5ohgCjK$tkioVOEb63gIl8707yXCHTWTtlim+bwL4Go4FGOdZH8=',NULL,0,'',0,1,'2022-12-05 13:20:07.104823','20021389','Thọ Lộc','Nguyễn Khánh','S'),(45,'pbkdf2_sha256$320000$Sj7ne1LP4isaNXGh05HeZJ$2Qo2fVmxXdGO/UfVUDBzQZH17Hkc0Fp2vN8ydtEiHWo=',NULL,0,'',0,1,'2022-12-05 13:20:23.539084','20021395','Quang Minh','Nguyễn','S'),(46,'pbkdf2_sha256$320000$QJv2coL41DAMFuQ9AVmtZU$DQp4neorEeiSisJlmTXgKZ65vr/+kVkLy2oHRa9ZUWI=',NULL,0,'',0,1,'2022-12-05 13:20:37.484456','20021398','Tuấn Nam','Nguyễn','S'),(47,'pbkdf2_sha256$320000$gLD39hidE3HNcfmugt8cSV$x6qgGhxdYu2C+GEkBTCOWyEQvaF342Pm0SO5pefNVwE=',NULL,0,'',0,1,'2022-12-05 13:20:48.879632','20021399','Thị Ngân','Trần','S'),(48,'pbkdf2_sha256$320000$kCqADz3IhoV0PM4QEmi0jS$24EpYmTSjrEA3pwS0X31WlkRxs5P+WEeYeD90xY2+p0=',NULL,0,'',0,1,'2022-12-05 13:21:05.093314','20021406','Phúc Nguyên','Nguyễn','S'),(49,'pbkdf2_sha256$320000$RMEkZUPOWRLzSNBb152QSc$ABbx18lakDDPMCatqZxojdn1vm0zH04E1vJK8QlXcDg=',NULL,0,'',0,1,'2022-12-05 13:21:19.314488','20021408','Cẩm Nhung','Lê Thị','S'),(50,'pbkdf2_sha256$320000$HMkkGHtoLQLvbzg1xV990m$A1BewtJ5vYGd9fV5Ful9u6b7pTAKfAewFOu6cWMQ3a8=',NULL,0,'',0,1,'2022-12-05 13:21:36.829786','20021413','Minh Quang','Phạm','S'),(51,'pbkdf2_sha256$320000$As63DVUvJ9LlncxnS5OnHz$LL5tiL9Afb12TIxfmncwkfFUzoVt2XnCFcd2KVSEUHU=',NULL,0,'',0,1,'2022-12-05 13:21:51.478358','20021414','Minh Quân','Đỗ','S'),(52,'pbkdf2_sha256$320000$JBjbrRhv65l5U7UV06ZS2x$wFs2QBRMJmAiNCf5jwhaCEwCxCfTsMAGqgRHdV+YQcg=',NULL,0,'',0,1,'2022-12-05 13:22:05.847048','20020325','Anh Quân','Phan','S'),(53,'pbkdf2_sha256$320000$MN8r23pd5LNpGDrke7fuQb$vE1W7CzJAe+m+eXmLSUqIYA9KOALT2NftxJTNg7mwgo=',NULL,0,'',0,1,'2022-12-05 13:22:23.678160','20021421','Thị Quyên','Phạm','S'),(54,'pbkdf2_sha256$320000$nsgM1OWFQlen01XuCfqakO$TkSDSsX0KXkPwlfJRfxCqUW2r8X+vB6gUVhyEZ36pzo=',NULL,0,'',0,1,'2022-12-05 13:22:41.113065','20021426','Thúy Quỳnh','Nguyễn Thị','S'),(55,'pbkdf2_sha256$320000$y32MopqycOxZSN3WYyG1r0$8qUHmeRQpVuQE/uqYKPLvrRyAnQ0ayAuaUMJnMF9M0Y=',NULL,0,'',0,1,'2022-12-05 13:23:01.507089','20021427','Minh Sơn','Bùi','S'),(56,'pbkdf2_sha256$320000$MSokGtb6rVuI8H8GUJXqyK$c6b0/NL6PwUPWPZK94vna4lZfF21DP6qVdPFYPvqssw=',NULL,0,'',0,1,'2022-12-05 13:23:14.541466','20021430','Ngọc Sơn','Nông','S'),(57,'pbkdf2_sha256$320000$kSzJPFlIKJjBmOs32lg56p$jYs923VhzvJngRVzldEyXD6rTdKWBa3PSQnWlcU2MtE=',NULL,0,'',0,1,'2022-12-05 13:23:36.158557','20021431','Mạnh Sơn','Trần','S'),(58,'pbkdf2_sha256$320000$Bhr4ysHuS3lStoIaUFHePi$y3lSTiCjBkS6E95RCYqibX0FxAXuvygOnH2toKL36aI=',NULL,0,'',0,1,'2022-12-05 13:23:47.553444','20021436','Viết Thành','Vũ','S'),(59,'pbkdf2_sha256$390000$SrXI6zPSGSW78ghqjDErIZ$sNnaQHQyVMTFzvVaCUJaIgWz91lZaYSvR0EDmZfT1dE=',NULL,0,'',0,1,'2022-12-05 13:23:59.878624','20021439','Duy Thắng','Phan','S'),(60,'pbkdf2_sha256$320000$u8zqzyqjxO7X4f5nez36aA$Ipf5fgq1F+A0iNa8JAVe4qqkUFTouBKa1iOeBXUmMPU=',NULL,0,'',0,1,'2022-12-05 13:24:17.148005','20021455','Thành Trung','Đặng','S'),(61,'pbkdf2_sha256$320000$DqxOPo6SwGxvUhibFfLyCl$RGKIEqX+4r3t/8+9p3NTUslQpFOZtm5+fRVVv4RVSgk=',NULL,0,'',0,1,'2022-12-05 13:24:27.514876','20021460','Anh Tú','Đỗ','S'),(62,'pbkdf2_sha256$320000$hPS5LC52eTvkkx5y4r4URM$DgC6e3n8vYJf+GrtjdGtBUK/5RAKMvy12FHFH8jBKsQ=',NULL,0,'',0,1,'2022-12-05 13:24:41.723397','20021464','Anh Tuấn','Lê','S'),(63,'pbkdf2_sha256$320000$GNK8PQChqpS1G2eCBl8pjo$Y7VtoT1xYOomqWrWcoMO49ZEMIyn2UZzlYVfEafx2jg=',NULL,0,'',0,1,'2022-12-05 13:24:55.880614','20021467','Thanh Tùng','Bá','S'),(64,'pbkdf2_sha256$320000$OOQuGWX9dQrUN7MU1e0hnd$qE0sh3lXGF+Hr3CnMq/X1rNjtZzhmvTNM6CZvahsTsk=',NULL,0,'',0,1,'2022-12-05 13:25:11.229347','20021475','Phương Uyên','Lê','S'),(65,'pbkdf2_sha256$320000$y6kbAnVihUByNWPwxmCRIs$YBg9iO9ssibny8pl+WLEB7NMEM9JxhyQChngeaAOnCM=',NULL,0,'',0,1,'2022-12-05 13:25:26.697653','20020326','Quốc Việt','Bùi','S'),(66,'pbkdf2_sha256$320000$WH0mSjGzMju2BmPPLQLJ5u$m+SSNbAadMMo+gX0arJF6tzQdtMNdefTiQGwHQpPzKQ=',NULL,0,'',0,1,'2022-12-05 13:25:37.651806','20021478','Công Vinh','Trình','S');
/*!40000 ALTER TABLE `users_user` ENABLE KEYS */;
UNLOCK TABLES;

--
-- Table structure for table `users_user_groups`
--

DROP TABLE IF EXISTS `users_user_groups`;
/*!40101 SET @saved_cs_client     = @@character_set_client */;
/*!50503 SET character_set_client = utf8mb4 */;
CREATE TABLE `users_user_groups` (
  `id` bigint NOT NULL AUTO_INCREMENT,
  `user_id` bigint NOT NULL,
  `group_id` int NOT NULL,
  PRIMARY KEY (`id`),
  UNIQUE KEY `users_user_groups_user_id_group_id_b88eab82_uniq` (`user_id`,`group_id`),
  KEY `users_user_groups_group_id_9afc8d0e_fk_auth_group_id` (`group_id`),
  CONSTRAINT `users_user_groups_group_id_9afc8d0e_fk_auth_group_id` FOREIGN KEY (`group_id`) REFERENCES `auth_group` (`id`),
  CONSTRAINT `users_user_groups_user_id_5f6f5a90_fk_users_user_id` FOREIGN KEY (`user_id`) REFERENCES `users_user` (`id`)
) ENGINE=InnoDB DEFAULT CHARSET=utf8mb4 COLLATE=utf8mb4_0900_ai_ci;
/*!40101 SET character_set_client = @saved_cs_client */;

--
-- Dumping data for table `users_user_groups`
--

LOCK TABLES `users_user_groups` WRITE;
/*!40000 ALTER TABLE `users_user_groups` DISABLE KEYS */;
/*!40000 ALTER TABLE `users_user_groups` ENABLE KEYS */;
UNLOCK TABLES;

--
-- Table structure for table `users_user_user_permissions`
--

DROP TABLE IF EXISTS `users_user_user_permissions`;
/*!40101 SET @saved_cs_client     = @@character_set_client */;
/*!50503 SET character_set_client = utf8mb4 */;
CREATE TABLE `users_user_user_permissions` (
  `id` bigint NOT NULL AUTO_INCREMENT,
  `user_id` bigint NOT NULL,
  `permission_id` int NOT NULL,
  PRIMARY KEY (`id`),
  UNIQUE KEY `users_user_user_permissions_user_id_permission_id_43338c45_uniq` (`user_id`,`permission_id`),
  KEY `users_user_user_perm_permission_id_0b93982e_fk_auth_perm` (`permission_id`),
  CONSTRAINT `users_user_user_perm_permission_id_0b93982e_fk_auth_perm` FOREIGN KEY (`permission_id`) REFERENCES `auth_permission` (`id`),
  CONSTRAINT `users_user_user_permissions_user_id_20aca447_fk_users_user_id` FOREIGN KEY (`user_id`) REFERENCES `users_user` (`id`)
) ENGINE=InnoDB DEFAULT CHARSET=utf8mb4 COLLATE=utf8mb4_0900_ai_ci;
/*!40101 SET character_set_client = @saved_cs_client */;

--
-- Dumping data for table `users_user_user_permissions`
--

LOCK TABLES `users_user_user_permissions` WRITE;
/*!40000 ALTER TABLE `users_user_user_permissions` DISABLE KEYS */;
/*!40000 ALTER TABLE `users_user_user_permissions` ENABLE KEYS */;
UNLOCK TABLES;
/*!40103 SET TIME_ZONE=@OLD_TIME_ZONE */;

/*!40101 SET SQL_MODE=@OLD_SQL_MODE */;
/*!40014 SET FOREIGN_KEY_CHECKS=@OLD_FOREIGN_KEY_CHECKS */;
/*!40014 SET UNIQUE_CHECKS=@OLD_UNIQUE_CHECKS */;
/*!40101 SET CHARACTER_SET_CLIENT=@OLD_CHARACTER_SET_CLIENT */;
/*!40101 SET CHARACTER_SET_RESULTS=@OLD_CHARACTER_SET_RESULTS */;
/*!40101 SET COLLATION_CONNECTION=@OLD_COLLATION_CONNECTION */;
/*!40111 SET SQL_NOTES=@OLD_SQL_NOTES */;

-- Dump completed on 2023-03-13 22:13:49
